{
    "averages": {
        "Copy": {
            "Best Rate MB/s": 24159.260000000002,
            "Avg time": 0.0071748,
            "Min time": 0.0066386,
            "Max time": 0.008062
        },
        "Scale": {
            "Best Rate MB/s": 142500.58000000002,
            "Avg time": 0.0013776,
            "Min time": 0.0011251999999999998,
            "Max time": 0.001727
        },
        "Add": {
            "Best Rate MB/s": 148462.40000000002,
            "Avg time": 0.0020082000000000003,
            "Min time": 0.0016292000000000001,
            "Max time": 0.0024682
        },
        "Triad": {
            "Best Rate MB/s": 153683.32,
            "Avg time": 0.0016462,
            "Min time": 0.0015619999999999998,
            "Max time": 0.0018664
        }
    },
    "std_devs": {
        "Copy": {
            "Best Rate MB/s": 1194.3863940953117,
            "Avg time": 0.00028409111214538194,
            "Min time": 0.00032300873053216363,
            "Max time": 0.0007746506309298405
        },
        "Scale": {
            "Best Rate MB/s": 6637.781431592938,
            "Avg time": 4.78689878731523e-05,
            "Min time": 5.336065966608737e-05,
            "Max time": 0.0001868539536643526
        },
        "Add": {
            "Best Rate MB/s": 13398.433812800664,
            "Avg time": 7.785987413295759e-05,
            "Min time": 0.00013899553949677665,
            "Max time": 0.00023032533512403697
        },
        "Triad": {
            "Best Rate MB/s": 2223.819544297607,
            "Avg time": 5.069280027775151e-05,
            "Min time": 2.2217110523198084e-05,
            "Max time": 0.0003743167642518834
        }
    }
}