{
    "averages": {
        "Copy": {
            "Best Rate MB/s": 24030.359999999997,
            "Avg time": 0.0072071999999999995,
            "Min time": 0.0066626,
            "Max time": 0.0079762
        },
        "Scale": {
            "Best Rate MB/s": 137213.08,
            "Avg time": 0.0013862,
            "Min time": 0.0011718000000000002,
            "Max time": 0.0016839999999999997
        },
        "Add": {
            "Best Rate MB/s": 161953.41999999998,
            "Avg time": 0.001952,
            "Min time": 0.0014894,
            "Max time": 0.0022682
        },
        "Triad": {
            "Best Rate MB/s": 152361.91999999998,
            "Avg time": 0.0016748,
            "Min time": 0.0015758,
            "Max time": 0.0019501999999999998
        }
    },
    "std_devs": {
        "Copy": {
            "Best Rate MB/s": 610.2043644550567,
            "Avg time": 0.0002536197153219757,
            "Min time": 0.00016995128713840306,
            "Max time": 0.0007443734009218762
        },
        "Scale": {
            "Best Rate MB/s": 9663.329211695105,
            "Avg time": 7.125278941908169e-05,
            "Min time": 8.11995073876683e-05,
            "Max time": 0.0002414878878950246
        },
        "Add": {
            "Best Rate MB/s": 11231.134170225194,
            "Avg time": 8.826097665446491e-05,
            "Min time": 0.00010686365144425865,
            "Max time": 0.00017201558068965725
        },
        "Triad": {
            "Best Rate MB/s": 3008.139481074633,
            "Avg time": 7.3901014878011e-05,
            "Min time": 3.0746707140765506e-05,
            "Max time": 0.0003426674189356204
        }
    }
}