{
    "averages": {
        "Copy": {
            "Best Rate MB/s": 11199.759999999998,
            "Avg time": 0.0199336,
            "Min time": 0.0144904,
            "Max time": 0.0250062
        },
        "Scale": {
            "Best Rate MB/s": 11186.580000000002,
            "Avg time": 0.018851,
            "Min time": 0.014303199999999999,
            "Max time": 0.027542999999999995
        },
        "Add": {
            "Best Rate MB/s": 15222.680000000002,
            "Avg time": 0.0199736,
            "Min time": 0.0157664,
            "Max time": 0.025138
        },
        "Triad": {
            "Best Rate MB/s": 13775.48,
            "Avg time": 0.01907,
            "Min time": 0.0174222,
            "Max time": 0.0257476
        }
    },
    "std_devs": {
        "Copy": {
            "Best Rate MB/s": 1306.3938419940598,
            "Avg time": 0.0016873120161961749,
            "Min time": 0.001756654616024448,
            "Max time": 0.001949496694021306
        },
        "Scale": {
            "Best Rate MB/s": 56.666441568180154,
            "Avg time": 0.002887061897500641,
            "Min time": 7.239723751635854e-05,
            "Max time": 0.0047880835414599865
        },
        "Add": {
            "Best Rate MB/s": 81.29987453864878,
            "Avg time": 0.0006105822139564827,
            "Min time": 8.471032994859637e-05,
            "Max time": 0.0017155133342530444
        },
        "Triad": {
            "Best Rate MB/s": 8.672808080431901,
            "Avg time": 0.0009816023634853374,
            "Min time": 1.1052601503718358e-05,
            "Max time": 0.0051065652487753445
        }
    }
}