{
    "averages": {
        "Copy": {
            "Best Rate MB/s": 24142.1,
            "Avg time": 0.007170599999999999,
            "Min time": 0.006632000000000001,
            "Max time": 0.0077948
        },
        "Scale": {
            "Best Rate MB/s": 150656.02000000002,
            "Avg time": 0.0012545999999999998,
            "Min time": 0.0010659999999999999,
            "Max time": 0.0016275999999999999
        },
        "Add": {
            "Best Rate MB/s": 193061.91999999998,
            "Avg time": 0.0017756,
            "Min time": 0.0012442000000000002,
            "Max time": 0.0028266
        },
        "Triad": {
            "Best Rate MB/s": 122135.58,
            "Avg time": 0.002135,
            "Min time": 0.0019672,
            "Max time": 0.0024266
        }
    },
    "std_devs": {
        "Copy": {
            "Best Rate MB/s": 634.0414592122507,
            "Avg time": 0.00015315691300101344,
            "Min time": 0.00017392987092503675,
            "Max time": 0.0007104188623621985
        },
        "Scale": {
            "Best Rate MB/s": 9161.48449398895,
            "Avg time": 5.183280814310568e-05,
            "Min time": 6.490608600123725e-05,
            "Max time": 0.00021046766972625518
        },
        "Add": {
            "Best Rate MB/s": 5732.626568476264,
            "Avg time": 0.00031815128476874013,
            "Min time": 3.657540156990759e-05,
            "Max time": 0.001287299592169593
        },
        "Triad": {
            "Best Rate MB/s": 4016.7267337472663,
            "Avg time": 3.570434147271169e-05,
            "Min time": 6.42351928462894e-05,
            "Max time": 0.0001674366745966964
        }
    }
}