{
    "averages": {
        "Copy": {
            "Best Rate MB/s": 23539.64,
            "Avg time": 0.0073018,
            "Min time": 0.006808199999999999,
            "Max time": 0.0079226
        },
        "Scale": {
            "Best Rate MB/s": 132468.74,
            "Avg time": 0.0014719999999999998,
            "Min time": 0.0012124,
            "Max time": 0.0020248
        },
        "Add": {
            "Best Rate MB/s": 152720.7,
            "Avg time": 0.0019283999999999998,
            "Min time": 0.001586,
            "Max time": 0.0021964
        },
        "Triad": {
            "Best Rate MB/s": 146645.68,
            "Avg time": 0.0019102000000000001,
            "Min time": 0.0016514000000000001,
            "Max time": 0.0025925999999999996
        }
    },
    "std_devs": {
        "Copy": {
            "Best Rate MB/s": 946.1115168942827,
            "Avg time": 0.0002649433146920297,
            "Min time": 0.0002784093389238226,
            "Max time": 0.00038585727931451545
        },
        "Scale": {
            "Best Rate MB/s": 8081.662600133715,
            "Avg time": 0.0001240983480953715,
            "Min time": 7.522393236198171e-05,
            "Max time": 0.0004328109980118343
        },
        "Add": {
            "Best Rate MB/s": 15477.989493083396,
            "Avg time": 0.00011472854919330233,
            "Min time": 0.00014348100919633926,
            "Max time": 0.00013330656397942298
        },
        "Triad": {
            "Best Rate MB/s": 12949.717833281155,
            "Avg time": 0.0004121200795884617,
            "Min time": 0.00016743189660276795,
            "Max time": 0.0008647697034471084
        }
    }
}