{
    "averages": {
        "Copy": {
            "Best Rate MB/s": 23974.76,
            "Avg time": 0.007213600000000001,
            "Min time": 0.006679399999999999,
            "Max time": 0.007743399999999999
        },
        "Scale": {
            "Best Rate MB/s": 147451.8,
            "Avg time": 0.0013939999999999998,
            "Min time": 0.001098,
            "Max time": 0.0023758
        },
        "Add": {
            "Best Rate MB/s": 195885.74,
            "Avg time": 0.0017586000000000001,
            "Min time": 0.0012278,
            "Max time": 0.0023116
        },
        "Triad": {
            "Best Rate MB/s": 122777.98000000001,
            "Avg time": 0.0021898,
            "Min time": 0.0019574,
            "Max time": 0.0026988
        }
    },
    "std_devs": {
        "Copy": {
            "Best Rate MB/s": 699.700414749055,
            "Avg time": 0.00015039228703627057,
            "Min time": 0.00019401092752729165,
            "Max time": 0.00030641840675781876
        },
        "Scale": {
            "Best Rate MB/s": 15240.231861884517,
            "Avg time": 0.00020318956666128305,
            "Min time": 0.00012442668524074733,
            "Max time": 0.001106226631391597
        },
        "Add": {
            "Best Rate MB/s": 9128.010062352032,
            "Avg time": 0.000138338136462799,
            "Min time": 5.6992631102625894e-05,
            "Max time": 0.0002927337356711727
        },
        "Triad": {
            "Best Rate MB/s": 4601.555360266789,
            "Avg time": 4.721609894940497e-05,
            "Min time": 7.246130001593958e-05,
            "Max time": 0.0004420173752240968
        }
    }
}