{
    "averages": {
        "Copy": {
            "Best Rate MB/s": 30578.419999999995,
            "Avg time": 0.005644,
            "Min time": 0.0052378,
            "Max time": 0.005993399999999999
        },
        "Scale": {
            "Best Rate MB/s": 113332.46,
            "Avg time": 0.0017731999999999997,
            "Min time": 0.0014258,
            "Max time": 0.0022088
        },
        "Add": {
            "Best Rate MB/s": 154561.40000000002,
            "Avg time": 0.0018758,
            "Min time": 0.0015544,
            "Max time": 0.0023408
        },
        "Triad": {
            "Best Rate MB/s": 86615.1,
            "Avg time": 0.002941,
            "Min time": 0.0027726,
            "Max time": 0.0032863999999999997
        }
    },
    "std_devs": {
        "Copy": {
            "Best Rate MB/s": 989.3793517150029,
            "Avg time": 9.385520763388684e-05,
            "Min time": 0.00016752719182270098,
            "Max time": 0.00013911089101864042
        },
        "Scale": {
            "Best Rate MB/s": 11266.201199801111,
            "Avg time": 0.00018437939147312535,
            "Min time": 0.0001418441398155031,
            "Max time": 0.0003081502231055496
        },
        "Add": {
            "Best Rate MB/s": 4943.586056295568,
            "Avg time": 7.884262806375743e-05,
            "Min time": 5.190221575231634e-05,
            "Max time": 0.00012314446800404795
        },
        "Triad": {
            "Best Rate MB/s": 2152.667332404147,
            "Avg time": 0.00012738131731144872,
            "Min time": 6.991308890329482e-05,
            "Max time": 0.0004934444649603439
        }
    }
}