{
    "averages": {
        "Copy": {
            "Best Rate MB/s": 23949.420000000002,
            "Avg time": 0.0072028000000000005,
            "Min time": 0.0066848,
            "Max time": 0.008156
        },
        "Scale": {
            "Best Rate MB/s": 156627.7,
            "Avg time": 0.0012461999999999998,
            "Min time": 0.001023,
            "Max time": 0.0015699999999999998
        },
        "Add": {
            "Best Rate MB/s": 206223.24,
            "Avg time": 0.0016842000000000003,
            "Min time": 0.0011646,
            "Max time": 0.0027316000000000003
        },
        "Triad": {
            "Best Rate MB/s": 129427.25999999998,
            "Avg time": 0.0020832,
            "Min time": 0.0018596,
            "Max time": 0.002269
        }
    },
    "std_devs": {
        "Copy": {
            "Best Rate MB/s": 579.435333406585,
            "Avg time": 0.00010861565264730506,
            "Min time": 0.000164824027374652,
            "Max time": 0.0009500061052435398
        },
        "Scale": {
            "Best Rate MB/s": 5906.471063503142,
            "Avg time": 0.0001151301871795577,
            "Min time": 4.0412869237409975e-05,
            "Max time": 0.00025262541439847254
        },
        "Add": {
            "Best Rate MB/s": 5555.385872682471,
            "Avg time": 0.0001949968204868992,
            "Min time": 3.115509589136264e-05,
            "Max time": 0.0011025952294473253
        },
        "Triad": {
            "Best Rate MB/s": 7113.90222468653,
            "Avg time": 3.499942856676374e-05,
            "Min time": 9.724937017790911e-05,
            "Max time": 0.00010633343782648988
        }
    }
}