{
    "averages": {
        "Copy": {
            "Best Rate MB/s": 28346.32,
            "Avg time": 0.0062456,
            "Min time": 0.0056492,
            "Max time": 0.0070574
        },
        "Scale": {
            "Best Rate MB/s": 138417.2,
            "Avg time": 0.0013764,
            "Min time": 0.0011584,
            "Max time": 0.0017506000000000002
        },
        "Add": {
            "Best Rate MB/s": 162273.24,
            "Avg time": 0.0017773999999999997,
            "Min time": 0.0014849999999999998,
            "Max time": 0.0021908
        },
        "Triad": {
            "Best Rate MB/s": 160651.1,
            "Avg time": 0.0016052,
            "Min time": 0.001494,
            "Max time": 0.0020542
        }
    },
    "std_devs": {
        "Copy": {
            "Best Rate MB/s": 810.438640243665,
            "Avg time": 0.00016132154226884904,
            "Min time": 0.00016309800734527703,
            "Max time": 0.0008851694978929176
        },
        "Scale": {
            "Best Rate MB/s": 6610.996564815329,
            "Avg time": 5.784669394183216e-05,
            "Min time": 5.343631723837262e-05,
            "Max time": 0.00026487853820194636
        },
        "Add": {
            "Best Rate MB/s": 10212.090809937012,
            "Avg time": 6.598666531959315e-05,
            "Min time": 9.603749267864087e-05,
            "Max time": 0.00010956167213035757
        },
        "Triad": {
            "Best Rate MB/s": 1002.832975125972,
            "Avg time": 4.313420916163876e-05,
            "Min time": 9.295160030897788e-06,
            "Max time": 0.00033708123649945265
        }
    }
}