{
    "averages": {
        "Copy": {
            "Best Rate MB/s": 24427.5,
            "Avg time": 0.007084600000000001,
            "Min time": 0.006562,
            "Max time": 0.0075120000000000004
        },
        "Scale": {
            "Best Rate MB/s": 141160.6,
            "Avg time": 0.0014278000000000001,
            "Min time": 0.001138,
            "Max time": 0.0019390000000000002
        },
        "Add": {
            "Best Rate MB/s": 160010.68,
            "Avg time": 0.0019270000000000003,
            "Min time": 0.0015046,
            "Max time": 0.0022932
        },
        "Triad": {
            "Best Rate MB/s": 151238.48000000004,
            "Avg time": 0.0016524,
            "Min time": 0.0015873999999999999,
            "Max time": 0.0018334
        }
    },
    "std_devs": {
        "Copy": {
            "Best Rate MB/s": 1041.0951291788856,
            "Avg time": 0.00018546654684875133,
            "Min time": 0.00028043680214978926,
            "Max time": 0.00015954936540143306
        },
        "Scale": {
            "Best Rate MB/s": 9213.069335243274,
            "Avg time": 0.00010270618287133452,
            "Min time": 6.999142804658298e-05,
            "Max time": 0.0002530296425322535
        },
        "Add": {
            "Best Rate MB/s": 9194.154659434438,
            "Avg time": 0.00011263569594049662,
            "Min time": 8.12615530247853e-05,
            "Max time": 0.0002501530731372293
        },
        "Triad": {
            "Best Rate MB/s": 2787.1312602028597,
            "Avg time": 4.72169461104803e-05,
            "Min time": 2.93162071216588e-05,
            "Max time": 0.0003224813793073952
        }
    }
}