{
    "averages": {
        "Copy": {
            "Best Rate MB/s": 23982.479999999996,
            "Avg time": 0.0072292,
            "Min time": 0.0066722000000000005,
            "Max time": 0.0080222
        },
        "Scale": {
            "Best Rate MB/s": 154063.64,
            "Avg time": 0.0012466,
            "Min time": 0.0010412000000000002,
            "Max time": 0.0015157999999999999
        },
        "Add": {
            "Best Rate MB/s": 196274.8,
            "Avg time": 0.0015442,
            "Min time": 0.0012257999999999998,
            "Max time": 0.0019321999999999998
        },
        "Triad": {
            "Best Rate MB/s": 122828.28,
            "Avg time": 0.0021692000000000005,
            "Min time": 0.001958,
            "Max time": 0.0029072
        }
    },
    "std_devs": {
        "Copy": {
            "Best Rate MB/s": 236.3079888619931,
            "Avg time": 7.681770629223456e-05,
            "Min time": 6.579179280123034e-05,
            "Max time": 0.0007216523816907975
        },
        "Scale": {
            "Best Rate MB/s": 7792.611535704834,
            "Avg time": 5.227083316726453e-05,
            "Min time": 5.2357998433859177e-05,
            "Max time": 0.00010103939825632376
        },
        "Add": {
            "Best Rate MB/s": 9920.001478427312,
            "Avg time": 0.0001270029920907378,
            "Min time": 6.003465665763404e-05,
            "Max time": 0.00017335212718625628
        },
        "Triad": {
            "Best Rate MB/s": 5544.997988241294,
            "Avg time": 0.00015332762308207867,
            "Min time": 9.07237565359813e-05,
            "Max time": 0.0012265537737906154
        }
    }
}